employee_id,first_name,last_name,email,hire_date,department_id,job_id,salary
1,Luis,Moreno,luis.moreno1@example.com,2019-04-12,20,101,7238
2,Carlos,Rodriguez,carlos.rodriguez2@example.com,2024-07-19,20,100,5015
3,Valentina,Garcia,valentina.garcia3@example.com,2024-04-19,20,102,3747
4,Diana,Castro,diana.castro4@example.com,2020-09-02,10,106,5806
5,Jorge,Perez,jorge.perez5@example.com,2019-10-09,20,100,3520
6,Valentina,Torres,valentina.torres6@example.com,2021-09-25,40,104,2591
7,Diego,Lopez,diego.lopez7@example.com,2022-05-05,20,101,7021
8,Laura,Moreno,laura.moreno8@example.com,2022-04-29,40,104,2661
9,Carlos,Rodriguez,carlos.rodriguez9@example.com,2020-05-28,40,104,3576
10,Diego,Torres,diego.torres10@example.com,2021-09-29,10,106,5152
11,Diego,Vargas,diego.vargas11@example.com,2022-12-02,20,101,8278
12,Luis,Fernandez,luis.fernandez12@example.com,2022-10-18,20,102,3804
13,Carlos,Perez,carlos.perez13@example.com,2020-10-25,20,101,6502
14,Valentina,Castro,valentina.castro14@example.com,2022-01-24,40,104,4214
15,Luis,Fernandez,luis.fernandez15@example.com,2022-08-06,20,102,4194
16,Laura,Moreno,laura.moreno16@example.com,2022-05-17,20,100,5476
17,Andres,Moreno,andres.moreno17@example.com,2023-08-01,20,100,4871
18,Jorge,Lopez,jorge.lopez18@example.com,2020-08-30,20,101,7768
19,Diego,Perez,diego.perez19@example.com,2021-06-11,40,104,3183
20,Diego,Moreno,diego.moreno20@example.com,2019-07-18,40,105,6291
21,Camila,Gomez,camila.gomez21@example.com,2019-11-30,50,107,5360
22,Juan,Rodriguez,juan.rodriguez22@example.com,2020-12-12,10,106,5707
23,Maria,Ramirez,maria.ramirez23@example.com,2018-07-17,50,107,5130
24,Juan,Lopez,juan.lopez24@example.com,2023-05-10,40,105,7450
25,Jorge,Gomez,jorge.gomez25@example.com,2023-05-14,20,100,5163
26,Laura,Fernandez,laura.fernandez26@example.com,2021-12-09,50,107,4834
27,Diego,Castro,diego.castro27@example.com,2019-03-29,20,102,4060
28,Juan,Lopez,juan.lopez28@example.com,2024-01-09,40,104,2553
29,Ana,Perez,ana.perez29@example.com,2022-02-05,40,105,5098
30,Jorge,Lopez,jorge.lopez30@example.com,2018-06-10,20,102,4603
31,Diego,Gomez,diego.gomez31@example.com,2019-04-05,20,101,6954
32,Andres,Vargas,andres.vargas32@example.com,2018-08-14,20,100,4800
33,Juan,Lopez,juan.lopez33@example.com,2019-07-01,20,102,4215
34,Carlos,Garcia,carlos.garcia34@example.com,2023-11-17,20,102,4915
35,Juan,Castro,juan.castro35@example.com,2020-09-19,30,103,3939
36,Laura,Torres,laura.torres36@example.com,2022-10-25,40,105,7613
37,Luis,Rodriguez,luis.rodriguez37@example.com,2018-06-04,20,100,3989
38,Luis,Moreno,luis.moreno38@example.com,2019-06-22,30,103,3720
39,Ana,Gomez,ana.gomez39@example.com,2019-02-04,40,105,7701
40,Maria,Perez,maria.perez40@example.com,2019-07-29,40,105,6148
41,Maria,Vargas,maria.vargas41@example.com,2024-10-27,40,104,3112
42,Ana,Garcia,ana.garcia42@example.com,2020-05-26,20,101,6991
43,Diana,Moreno,diana.moreno43@example.com,2022-08-21,10,106,5682
44,Carlos,Moreno,carlos.moreno44@example.com,2018-04-27,50,107,5053
45,Valentina,Gomez,valentina.gomez45@example.com,2021-01-24,20,102,4661
46,Carlos,Garcia,carlos.garcia46@example.com,2024-04-13,20,101,6153
47,Carlos,Gomez,carlos.gomez47@example.com,2023-11-12,30,103,3757
48,Ana,Gomez,ana.gomez48@example.com,2022-10-24,40,105,5356
49,Valentina,Moreno,valentina.moreno49@example.com,2024-10-25,20,100,5131
50,Diego,Castro,diego.castro50@example.com,2020-06-14,50,107,5407
51,Juan,Vargas,juan.vargas51@example.com,2022-06-25,40,104,3791
52,Diana,Rodriguez,diana.rodriguez52@example.com,2024-12-21,40,104,3253
53,Valentina,Moreno,valentina.moreno53@example.com,2019-02-22,50,107,3314
54,Andres,Ramirez,andres.ramirez54@example.com,2019-12-30,20,102,4300
55,Juan,Gomez,juan.gomez55@example.com,2021-01-27,20,102,4571
56,Luis,Torres,luis.torres56@example.com,2020-05-22,50,107,5021
57,Andres,Perez,andres.perez57@example.com,2024-02-03,20,102,4635
58,Diana,Lopez,diana.lopez58@example.com,2020-04-30,20,101,7390
59,Andres,Martinez,andres.martinez59@example.com,2021-03-13,40,105,7616
60,Valentina,Martinez,valentina.martinez60@example.com,2021-05-23,20,100,4232
61,Diana,Gomez,diana.gomez61@example.com,2022-03-23,40,104,3697
62,Carlos,Martinez,carlos.martinez62@example.com,2021-12-16,40,105,7386
63,Jorge,Lopez,jorge.lopez63@example.com,2023-01-02,20,101,7810
64,Luis,Perez,luis.perez64@example.com,2018-06-22,50,107,3852
65,Jorge,Fernandez,jorge.fernandez65@example.com,2024-08-31,40,104,4496
66,Diego,Garcia,diego.garcia66@example.com,2021-02-14,20,102,3133
67,Maria,Martinez,maria.martinez67@example.com,2018-07-22,50,107,4452
68,Jorge,Gomez,jorge.gomez68@example.com,2022-03-30,40,105,6166
69,Andres,Castro,andres.castro69@example.com,2021-09-15,20,101,8783
70,Ana,Moreno,ana.moreno70@example.com,2019-06-24,40,104,3231
71,Jorge,Gomez,jorge.gomez71@example.com,2023-07-30,40,105,7508
72,Juan,Martinez,juan.martinez72@example.com,2023-01-13,50,107,5144
73,Luis,Ramirez,luis.ramirez73@example.com,2022-12-30,40,104,2873
74,Jorge,Garcia,jorge.garcia74@example.com,2019-11-20,40,104,3984
75,Luis,Garcia,luis.garcia75@example.com,2019-04-21,10,106,6000
76,Carlos,Martinez,carlos.martinez76@example.com,2019-12-15,20,101,6082
77,Ana,Gomez,ana.gomez77@example.com,2020-05-30,30,103,3287
78,Maria,Perez,maria.perez78@example.com,2018-09-25,20,100,5484
79,Luis,Martinez,luis.martinez79@example.com,2019-08-01,50,107,5322
80,Laura,Rodriguez,laura.rodriguez80@example.com,2021-09-20,20,100,4358
81,Camila,Castro,camila.castro81@example.com,2019-06-26,50,107,3958
82,Diego,Moreno,diego.moreno82@example.com,2023-02-19,30,103,3783
83,Andres,Vargas,andres.vargas83@example.com,2023-03-22,20,102,3110
84,Juan,Vargas,juan.vargas84@example.com,2018-04-03,20,101,6671
85,Laura,Castro,laura.castro85@example.com,2019-11-13,40,105,7581
86,Laura,Gomez,laura.gomez86@example.com,2021-01-06,30,103,3896
87,Valentina,Lopez,valentina.lopez87@example.com,2021-07-04,50,107,5255
88,Camila,Garcia,camila.garcia88@example.com,2019-06-10,20,101,6473
89,Andres,Ramirez,andres.ramirez89@example.com,2020-06-01,50,107,4230
90,Valentina,Garcia,valentina.garcia90@example.com,2023-03-22,30,103,3838
91,Diego,Fernandez,diego.fernandez91@example.com,2023-11-04,40,105,5125
92,Valentina,Perez,valentina.perez92@example.com,2018-08-21,20,102,3108
93,Juan,Moreno,juan.moreno93@example.com,2024-10-08,40,105,7660
94,Maria,Martinez,maria.martinez94@example.com,2021-08-05,40,104,3960
95,Camila,Fernandez,camila.fernandez95@example.com,2021-03-06,20,100,4258
96,Laura,Lopez,laura.lopez96@example.com,2022-10-22,20,100,3574
97,Jorge,Rodriguez,jorge.rodriguez97@example.com,2020-04-26,20,102,3714
98,Valentina,Garcia,valentina.garcia98@example.com,2022-12-16,40,105,5723
99,Maria,Martinez,maria.martinez99@example.com,2023-04-02,40,104,2638
100,Laura,Ramirez,laura.ramirez100@example.com,2018-01-10,50,107,3460
101,Diego,Martinez,diego.martinez101@example.com,2024-07-04,40,105,7832
102,Carlos,Castro,carlos.castro102@example.com,2018-08-24,30,103,3133
103,Diego,Ramirez,diego.ramirez103@example.com,2023-01-30,50,107,4572
104,Carlos,Martinez,carlos.martinez104@example.com,2023-08-15,10,106,6898
105,Jorge,Rodriguez,jorge.rodriguez105@example.com,2024-06-01,50,107,5063
106,Diego,Torres,diego.torres106@example.com,2024-01-02,30,103,4048
107,Juan,Garcia,juan.garcia107@example.com,2022-07-28,40,105,7626
108,Diego,Lopez,diego.lopez108@example.com,2019-04-23,40,105,6254
109,Andres,Fernandez,andres.fernandez109@example.com,2024-05-25,20,101,7277
110,Diego,Garcia,diego.garcia110@example.com,2023-04-17,50,107,4014
111,Ana,Castro,ana.castro111@example.com,2018-05-10,20,101,6094
112,Carlos,Lopez,carlos.lopez112@example.com,2018-01-11,40,104,3777
113,Valentina,Ramirez,valentina.ramirez113@example.com,2020-09-11,20,100,4492
114,Carlos,Ramirez,carlos.ramirez114@example.com,2018-05-07,40,105,5603
115,Jorge,Garcia,jorge.garcia115@example.com,2021-12-01,30,103,3613
116,Diego,Garcia,diego.garcia116@example.com,2019-07-21,10,106,6418
117,Ana,Torres,ana.torres117@example.com,2018-04-27,20,102,4689
118,Laura,Fernandez,laura.fernandez118@example.com,2019-04-20,40,104,2917
119,Maria,Ramirez,maria.ramirez119@example.com,2018-01-25,20,101,7990
120,Andres,Garcia,andres.garcia120@example.com,2024-01-13,20,101,7492
121,Maria,Garcia,maria.garcia121@example.com,2024-11-28,20,102,4086
122,Andres,Ramirez,andres.ramirez122@example.com,2019-12-24,30,103,4141
123,Camila,Perez,camila.perez123@example.com,2023-08-28,20,102,3768
124,Maria,Perez,maria.perez124@example.com,2020-04-10,10,106,5920
125,Laura,Castro,laura.castro125@example.com,2023-11-05,20,100,3554
126,Camila,Fernandez,camila.fernandez126@example.com,2024-10-26,10,106,5790
127,Diana,Ramirez,diana.ramirez127@example.com,2023-11-14,20,101,7111
128,Carlos,Fernandez,carlos.fernandez128@example.com,2020-08-01,10,106,6001
129,Ana,Castro,ana.castro129@example.com,2018-03-23,50,107,3713
130,Laura,Perez,laura.perez130@example.com,2019-04-16,40,105,5395
131,Juan,Lopez,juan.lopez131@example.com,2021-10-19,20,102,4303
132,Diego,Rodriguez,diego.rodriguez132@example.com,2019-06-05,50,107,5799
133,Ana,Moreno,ana.moreno133@example.com,2019-03-18,20,102,3028
134,Carlos,Moreno,carlos.moreno134@example.com,2021-10-11,20,100,3540
135,Diana,Fernandez,diana.fernandez135@example.com,2018-12-08,30,103,2826
136,Jorge,Martinez,jorge.martinez136@example.com,2019-03-31,50,107,4908
137,Laura,Castro,laura.castro137@example.com,2023-01-20,50,107,4586
138,Carlos,Vargas,carlos.vargas138@example.com,2021-08-12,40,105,7058
139,Laura,Fernandez,laura.fernandez139@example.com,2020-01-28,40,105,5405
140,Ana,Vargas,ana.vargas140@example.com,2018-12-31,40,105,7026
141,Camila,Gomez,camila.gomez141@example.com,2022-07-23,40,104,3740
142,Laura,Martinez,laura.martinez142@example.com,2018-04-18,40,105,5171
143,Diana,Vargas,diana.vargas143@example.com,2020-11-06,40,104,2829
144,Carlos,Gomez,carlos.gomez144@example.com,2022-10-17,40,105,6508
145,Valentina,Torres,valentina.torres145@example.com,2022-04-11,40,104,2546
146,Luis,Martinez,luis.martinez146@example.com,2018-05-17,30,103,3682
147,Ana,Fernandez,ana.fernandez147@example.com,2019-02-06,20,100,4966
148,Juan,Martinez,juan.martinez148@example.com,2021-04-09,40,104,3435
149,Jorge,Rodriguez,jorge.rodriguez149@example.com,2018-01-16,20,102,3492
150,Laura,Vargas,laura.vargas150@example.com,2020-01-29,20,100,5304
151,Diego,Martinez,diego.martinez151@example.com,2020-01-18,20,100,4196
152,Luis,Lopez,luis.lopez152@example.com,2019-01-24,10,106,6624
153,Ana,Rodriguez,ana.rodriguez153@example.com,2023-06-05,10,106,4292
154,Camila,Lopez,camila.lopez154@example.com,2024-02-13,20,101,8041
155,Camila,Ramirez,camila.ramirez155@example.com,2018-01-11,40,105,6085
156,Ana,Garcia,ana.garcia156@example.com,2020-06-03,40,105,6389
157,Valentina,Perez,valentina.perez157@example.com,2023-03-27,30,103,4340
158,Andres,Moreno,andres.moreno158@example.com,2024-10-02,30,103,3489
159,Camila,Torres,camila.torres159@example.com,2024-07-04,10,106,4579
160,Diana,Torres,diana.torres160@example.com,2021-05-03,50,107,4120
161,Andres,Vargas,andres.vargas161@example.com,2020-09-10,40,105,5974
162,Diana,Castro,diana.castro162@example.com,2020-08-30,10,106,4592
163,Camila,Ramirez,camila.ramirez163@example.com,2023-03-05,30,103,2839
164,Camila,Castro,camila.castro164@example.com,2024-07-28,40,105,7618
165,Valentina,Lopez,valentina.lopez165@example.com,2018-07-10,20,101,8469
166,Juan,Fernandez,juan.fernandez166@example.com,2019-03-02,40,105,7719
167,Diana,Fernandez,diana.fernandez167@example.com,2023-06-09,20,100,4747
168,Laura,Castro,laura.castro168@example.com,2019-03-24,10,106,6903
169,Jorge,Rodriguez,jorge.rodriguez169@example.com,2021-12-06,20,100,4071
170,Andres,Gomez,andres.gomez170@example.com,2020-07-06,20,100,3900
171,Laura,Castro,laura.castro171@example.com,2020-02-02,10,106,5250
172,Juan,Vargas,juan.vargas172@example.com,2019-07-24,40,105,7006
173,Jorge,Fernandez,jorge.fernandez173@example.com,2020-06-05,40,104,3296
174,Maria,Vargas,maria.vargas174@example.com,2022-04-12,20,100,5230
175,Carlos,Vargas,carlos.vargas175@example.com,2018-03-25,20,101,7682
176,Maria,Rodriguez,maria.rodriguez176@example.com,2023-06-04,30,103,3986
177,Andres,Ramirez,andres.ramirez177@example.com,2020-12-19,40,105,7477
178,Laura,Lopez,laura.lopez178@example.com,2024-02-25,20,101,8434
179,Jorge,Fernandez,jorge.fernandez179@example.com,2021-06-13,20,100,5375
180,Maria,Martinez,maria.martinez180@example.com,2018-04-27,40,104,2885
181,Laura,Garcia,laura.garcia181@example.com,2022-04-17,10,106,6058
182,Andres,Garcia,andres.garcia182@example.com,2021-01-16,20,102,4576
183,Camila,Rodriguez,camila.rodriguez183@example.com,2023-08-06,20,102,4888
184,Ana,Moreno,ana.moreno184@example.com,2020-07-06,20,102,4126
185,Valentina,Fernandez,valentina.fernandez185@example.com,2019-03-04,20,100,4828
186,Maria,Torres,maria.torres186@example.com,2024-03-20,30,103,4239
187,Andres,Fernandez,andres.fernandez187@example.com,2019-04-04,50,107,4307
188,Juan,Torres,juan.torres188@example.com,2020-05-23,20,102,3013
189,Juan,Moreno,juan.moreno189@example.com,2020-01-20,10,106,7427
190,Laura,Perez,laura.perez190@example.com,2019-10-24,20,100,4048
191,Juan,Garcia,juan.garcia191@example.com,2023-06-06,40,104,3730
192,Valentina,Ramirez,valentina.ramirez192@example.com,2019-02-08,40,105,7852
193,Juan,Torres,juan.torres193@example.com,2024-10-03,20,102,4273
194,Maria,Fernandez,maria.fernandez194@example.com,2020-01-25,20,100,4894
195,Camila,Martinez,camila.martinez195@example.com,2020-03-04,10,106,6147
196,Luis,Martinez,luis.martinez196@example.com,2019-07-07,20,100,3817
197,Maria,Gomez,maria.gomez197@example.com,2023-08-03,20,102,3027
198,Diana,Ramirez,diana.ramirez198@example.com,2018-10-28,30,103,3718
199,Valentina,Moreno,valentina.moreno199@example.com,2020-05-11,20,100,4884
200,Maria,Lopez,maria.lopez200@example.com,2021-07-31,20,101,7956
